Workbook

Sheet 数据录入
A1: 海外会员体系增长漏斗｜可编辑数据模板
A2: 填写方式：每行代表一个国家 / 市场在一个统计周期内的漏斗数据。请填入蓝色区域，漏斗看板与转化率会自动更新。
A4: 统计周期 | B4: 国家/市场 | C4: APP 下载 | D4: 注册 | E4: 激活 | F4: 首购 | G4: 复购 | H4: 留存 | I4: 券核销 | J4: 备注
A5: 2026 H1 | B5: 美国
A6: 2026 H1 | B6: 马来西亚
A7: 2026 H1 | B7: 英国
A8: 2026 H1 | B8: 韩国
A9: 2026 H1 | B9: 澳洲

Sheet 漏斗看板
A1: 会员体系增长漏斗｜可编辑模板
A2: 默认展示全部市场汇总漏斗；下方同时提供各市场漏斗对比表与关键转化率，支持根据实际数据做阶段诊断。
A5: 漏斗阶段 | B5: 人数 | C5: 阶段转化率 | D5: 累计转化率 | E5: 诊断问题 / 备注
A6: APP 下载 | B6: =SUM(数据录入!C$5:C$24) | C6: — | D6: 100.0%
A7: 注册 | B7: =SUM(数据录入!D$5:D$24) | C7: =IFERROR(B7/B6,"") | D7: =IFERROR(B7/$B$6,"")
A8: 激活 | B8: =SUM(数据录入!E$5:E$24) | C8: =IFERROR(B8/B7,"") | D8: =IFERROR(B8/$B$6,"")
A9: 首购 | B9: =SUM(数据录入!F$5:F$24) | C9: =IFERROR(B9/B8,"") | D9: =IFERROR(B9/$B$6,"")
A10: 复购 | B10: =SUM(数据录入!G$5:G$24) | C10: =IFERROR(B10/B9,"") | D10: =IFERROR(B10/$B$6,"")
A11: 留存 | B11: =SUM(数据录入!H$5:H$24) | C11: =IFERROR(B11/B10,"") | D11: =IFERROR(B11/$B$6,"")
A12: 券核销 | B12: =SUM(数据录入!I$5:I$24) | C12: =IFERROR(B12/B11,"") | D12: =IFERROR(B12/$B$6,"")
A14: 下载 → 注册 | E14: 注册 → 激活 | I14: 激活 → 首购 | M14: 首购 → 复购
A15: =IFERROR(B7/B6,"") | E15: =IFERROR(B8/B7,"") | I15: =IFERROR(B9/B8,"") | M15: =IFERROR(B10/B9,"")
A22: 国家/市场 | B22: APP 下载 | C22: 注册 | D22: 激活 | E22: 首购 | F22: 复购 | G22: 留存 | H22: 券核销 | I22: 首购率 | J22: 复购率 | K22: 留存率 | L22: 券核销率
A23: 美国 | B23: =SUMIF(数据录入!$B$5:$B$24,$A23,数据录入!$C$5:$C$24) | C23: =SUMIF(数据录入!$B$5:$B$24,$A23,数据录入!$D$5:$D$24) | D23: =SUMIF(数据录入!$B$5:$B$24,$A23,数据录入!$E$5:$E$24) | E23: =SUMIF(数据录入!$B$5:$B$24,$A23,数据录入!$F$5:$F$24) | F23: =SUMIF(数据录入!$B$5:$B$24,$A23,数据录入!$G$5:$G$24) | G23: =SUMIF(数据录入!$B$5:$B$24,$A23,数据录入!$H$5:$H$24) | H23: =SUMIF(数据录入!$B$5:$B$24,$A23,数据录入!$I$5:$I$24) | I23: =IFERROR(E23/C23,"") | J23: =IFERROR(F23/E23,"") | K23: =IFERROR(G23/E23,"") | L23: =IFERROR(H23/E23,"")
A24: 马来西亚 | B24: =SUMIF(数据录入!$B$5:$B$24,$A24,数据录入!$C$5:$C$24) | C24: =SUMIF(数据录入!$B$5:$B$24,$A24,数据录入!$D$5:$D$24) | D24: =SUMIF(数据录入!$B$5:$B$24,$A24,数据录入!$E$5:$E$24) | E24: =SUMIF(数据录入!$B$5:$B$24,$A24,数据录入!$F$5:$F$24) | F24: =SUMIF(数据录入!$B$5:$B$24,$A24,数据录入!$G$5:$G$24) | G24: =SUMIF(数据录入!$B$5:$B$24,$A24,数据录入!$H$5:$H$24) | H24: =SUMIF(数据录入!$B$5:$B$24,$A24,数据录入!$I$5:$I$24) | I24: =IFERROR(E24/C24,"") | J24: =IFERROR(F24/E24,"") | K24: =IFERROR(G24/E24,"") | L24: =IFERROR(H24/E24,"")
A25: 英国 | B25: =SUMIF(数据录入!$B$5:$B$24,$A25,数据录入!$C$5:$C$24) | C25: =SUMIF(数据录入!$B$5:$B$24,$A25,数据录入!$D$5:$D$24) | D25: =SUMIF(数据录入!$B$5:$B$24,$A25,数据录入!$E$5:$E$24) | E25: =SUMIF(数据录入!$B$5:$B$24,$A25,数据录入!$F$5:$F$24) | F25: =SUMIF(数据录入!$B$5:$B$24,$A25,数据录入!$G$5:$G$24) | G25: =SUMIF(数据录入!$B$5:$B$24,$A25,数据录入!$H$5:$H$24) | H25: =SUMIF(数据录入!$B$5:$B$24,$A25,数据录入!$I$5:$I$24) | I25: =IFERROR(E25/C25,"") | J25: =IFERROR(F25/E25,"") | K25: =IFERROR(G25/E25,"") | L25: =IFERROR(H25/E25,"")
A26: 韩国 | B26: =SUMIF(数据录入!$B$5:$B$24,$A26,数据录入!$C$5:$C$24) | C26: =SUMIF(数据录入!$B$5:$B$24,$A26,数据录入!$D$5:$D$24) | D26: =SUMIF(数据录入!$B$5:$B$24,$A26,数据录入!$E$5:$E$24) | E26: =SUMIF(数据录入!$B$5:$B$24,$A26,数据录入!$F$5:$F$24) | F26: =SUMIF(数据录入!$B$5:$B$24,$A26,数据录入!$G$5:$G$24) | G26: =SUMIF(数据录入!$B$5:$B$24,$A26,数据录入!$H$5:$H$24) | H26: =SUMIF(数据录入!$B$5:$B$24,$A26,数据录入!$I$5:$I$24) | I26: =IFERROR(E26/C26,"") | J26: =IFERROR(F26/E26,"") | K26: =IFERROR(G26/E26,"") | L26: =IFERROR(H26/E26,"")
A27: 澳洲 | B27: =SUMIF(数据录入!$B$5:$B$24,$A27,数据录入!$C$5:$C$24) | C27: =SUMIF(数据录入!$B$5:$B$24,$A27,数据录入!$D$5:$D$24) | D27: =SUMIF(数据录入!$B$5:$B$24,$A27,数据录入!$E$5:$E$24) | E27: =SUMIF(数据录入!$B$5:$B$24,$A27,数据录入!$F$5:$F$24) | F27: =SUMIF(数据录入!$B$5:$B$24,$A27,数据录入!$G$5:$G$24) | G27: =SUMIF(数据录入!$B$5:$B$24,$A27,数据录入!$H$5:$H$24) | H27: =SUMIF(数据录入!$B$5:$B$24,$A27,数据录入!$I$5:$I$24) | I27: =IFERROR(E27/C27,"") | J27: =IFERROR(F27/E27,"") | K27: =IFERROR(G27/E27,"") | L27: =IFERROR(H27/E27,"")
A30: 漏斗口径与使用建议
A31: • 建议按同一自然月或活动周期统计，确保“下载—注册—激活—首购—复购—留存—券核销”之间可比较。 • 留存需明确口径，例如 30 日留存用户数；券核销可填写完成券核销的用户数，或按业务需要改为核销订单数。 • 模板默认汇总多个国家数据；也可以仅在“数据录入”页保留单一市场，即可得到单市场漏斗。 • 当前模板不含真实数据，请在蓝色区域填写；若阶段定义不同，可直接修改阶段名称，但需同步调整看板公式。

Sheet 填写说明
A1: 填写说明｜会员体系增长漏斗图模板
A3: 1. 填写范围 | B3: 在“数据录入”页蓝色区域填写每个国家 / 市场一个统计周期内的漏斗人数。
A4: 2. 7 个阶段 | B4: APP 下载、注册、激活、首购、复购、留存、券核销。若业务口径不同，可直接修改阶段名称。
A5: 3. 推荐定义 | B5: 激活：完成关键行为的注册用户；首购：完成第一笔付费订单用户；复购：在统计期内至少再次消费一次用户；留存：按 30 日或月留存定义。
A6: 4. 数据诊断 | B6: 优先关注下载→注册、注册→激活、激活→首购、首购→复购的阶段转化率；再用各国对比定位问题市场。
A7: 5. 汇报用途 | B7: 漏斗看板用于展示整体用户增长链路；各市场汇总表用于比较美国、马来西亚等重点市场的转化差异。
A8: 6. 数据范围 | B8: 预置 5 个重点市场与 20 行可扩展空白记录。新增国家时可复制一行，并按需扩展汇总表的市场列表。
