Workbook

Sheet 数据录入
A1: 2026 H1 新品上市｜各国新品销售数据模板
A2: 使用说明：请直接在下方蓝色数据区填入各国、各产品的实际数据。图表看板会自动更新；“销售额”建议统一填写为同一币种。
A4: 月份 | B4: 国家/市场 | C4: 产品系列 | D4: 新品销售额 | E4: 新品销量 | F4: 新品销售占比 | G4: 目标销售额 | H4: 销售额达成率 | I4: 备注 | J4: 数据状态
A5: 1月 | B5: 美国 | C5: 大红袍系列 | H5: =IFERROR(D5/G5,"") | J5: =IF(OR(D5>0,E5>0),"已填写","待填写")
A6: 1月 | B6: 英国 | C6: 大红袍系列 | H6: =IFERROR(D6/G6,"") | J6: =IF(OR(D6>0,E6>0),"已填写","待填写")
A7: 1月 | B7: 韩国 | C7: 大红袍系列 | H7: =IFERROR(D7/G7,"") | J7: =IF(OR(D7>0,E7>0),"已填写","待填写")
A8: 1月 | B8: 澳洲 | C8: 大红袍系列 | H8: =IFERROR(D8/G8,"") | J8: =IF(OR(D8>0,E8>0),"已填写","待填写")
A9: 1月 | B9: 马来西亚 | C9: 大红袍系列 | H9: =IFERROR(D9/G9,"") | J9: =IF(OR(D9>0,E9>0),"已填写","待填写")
A10: 2月 | B10: 美国 | C10: 五黑系列 | H10: =IFERROR(D10/G10,"") | J10: =IF(OR(D10>0,E10>0),"已填写","待填写")
A11: 2月 | B11: 英国 | C11: 五黑系列 | H11: =IFERROR(D11/G11,"") | J11: =IF(OR(D11>0,E11>0),"已填写","待填写")
A12: 2月 | B12: 韩国 | C12: 五黑系列 | H12: =IFERROR(D12/G12,"") | J12: =IF(OR(D12>0,E12>0),"已填写","待填写")
A13: 2月 | B13: 澳洲 | C13: 五黑系列 | H13: =IFERROR(D13/G13,"") | J13: =IF(OR(D13>0,E13>0),"已填写","待填写")
A14: 2月 | B14: 马来西亚 | C14: 五黑系列 | H14: =IFERROR(D14/G14,"") | J14: =IF(OR(D14>0,E14>0),"已填写","待填写")
A15: 3月 | B15: 美国 | C15: 五黄系列 | H15: =IFERROR(D15/G15,"") | J15: =IF(OR(D15>0,E15>0),"已填写","待填写")
A16: 3月 | B16: 英国 | C16: 五黄系列 | H16: =IFERROR(D16/G16,"") | J16: =IF(OR(D16>0,E16>0),"已填写","待填写")
... A44: 6月 | B44: 马来西亚 | C44: 世界杯团餐 | H44: =IFERROR(D44/G44,"") | J44: =IF(OR(D44>0,E44>0),"已填写","待填写")

Sheet 图表看板
A1: 新品上市销售表现｜可编辑图表看板
A2: 图表自动读取“数据录入”页；填入新品销售额、销量、目标销售额等数据后，可直接复制图表至述职或 PPT。
A3: 新品销售额 | E3: 新品销量 | I3: 已覆盖市场 | M3: 整体销售额达成率
A4: =SUM(数据录入!D5:D44) | E4: =SUM(数据录入!E5:E44) | I4: =COUNTA(UNIQUE(FILTER(数据录入!B5:B44,数据录入!D5:D44>0))) | M4: =IFERROR(SUM(数据录入!D5:D44)/SUM(数据录入!G5:G44),"")
A20: 汇报口径建议
A21: • 图表一用于呈现各国新品销售额贡献；适合回答“哪个市场新品销售贡献最高？” • 图表二用于比较产品系列的销售额与销量；适合回答“哪个产品是销售额 / 销量双高的重点新品？” • 若需要新增“新品销售占比、达成率、环比增长”等维度，可在数据录入页增加列，再新增相应汇总公式与图表系列。 • 当前模板未内置任何实际销售数据，蓝色区域均为待填写数据。
A30: 国家/市场 | B30: 新品销售额 | C30: 新品销量 | D30: 目标销售额 | E30: 销售额达成率 | H30: 产品系列 | I30: 新品销售额 | J30: 新品销量 | K30: 目标销售额 | L30: 销售额达成率
A31: 美国 | B31: =SUMIF(数据录入!$B$5:$B$44,A31,数据录入!$D$5:$D$44) | C31: =SUMIF(数据录入!$B$5:$B$44,A31,数据录入!$E$5:$E$44) | D31: =SUMIF(数据录入!$B$5:$B$44,A31,数据录入!$G$5:$G$44) | E31: =IFERROR(B31/D31,"") | H31: 大红袍系列 | I31: =SUMIF(数据录入!$C$5:$C$44,H31,数据录入!$D$5:$D$44) | J31: =SUMIF(数据录入!$C$5:$C$44,H31,数据录入!$E$5:$E$44) | K31: =SUMIF(数据录入!$C$5:$C$44,H31,数据录入!$G$5:$G$44) | L31: =IFERROR(I31/K31,"")
A32: 英国 | B32: =SUMIF(数据录入!$B$5:$B$44,A32,数据录入!$D$5:$D$44) | C32: =SUMIF(数据录入!$B$5:$B$44,A32,数据录入!$E$5:$E$44) | D32: =SUMIF(数据录入!$B$5:$B$44,A32,数据录入!$G$5:$G$44) | E32: =IFERROR(B32/D32,"") | H32: 五黑系列 | I32: =SUMIF(数据录入!$C$5:$C$44,H32,数据录入!$D$5:$D$44) | J32: =SUMIF(数据录入!$C$5:$C$44,H32,数据录入!$E$5:$E$44) | K32: =SUMIF(数据录入!$C$5:$C$44,H32,数据录入!$G$5:$G$44) | L32: =IFERROR(I32/K32,"")
A33: 韩国 | B33: =SUMIF(数据录入!$B$5:$B$44,A33,数据录入!$D$5:$D$44) | C33: =SUMIF(数据录入!$B$5:$B$44,A33,数据录入!$E$5:$E$44) | D33: =SUMIF(数据录入!$B$5:$B$44,A33,数据录入!$G$5:$G$44) | E33: =IFERROR(B33/D33,"") | H33: 五黄系列 | I33: =SUMIF(数据录入!$C$5:$C$44,H33,数据录入!$D$5:$D$44) | J33: =SUMIF(数据录入!$C$5:$C$44,H33,数据录入!$E$5:$E$44) | K33: =SUMIF(数据录入!$C$5:$C$44,H33,数据录入!$G$5:$G$44) | L33: =IFERROR(I33/K33,"")
A34: 澳洲 | B34: =SUMIF(数据录入!$B$5:$B$44,A34,数据录入!$D$5:$D$44) | C34: =SUMIF(数据录入!$B$5:$B$44,A34,数据录入!$E$5:$E$44) | D34: =SUMIF(数据录入!$B$5:$B$44,A34,数据录入!$G$5:$G$44) | E34: =IFERROR(B34/D34,"") | H34: 布蕾系列 | I34: =SUMIF(数据录入!$C$5:$C$44,H34,数据录入!$D$5:$D$44) | J34: =SUMIF(数据录入!$C$5:$C$44,H34,数据录入!$E$5:$E$44) | K34: =SUMIF(数据录入!$C$5:$C$44,H34,数据录入!$G$5:$G$44) | L34: =IFERROR(I34/K34,"")
A35: 马来西亚 | B35: =SUMIF(数据录入!$B$5:$B$44,A35,数据录入!$D$5:$D$44) | C35: =SUMIF(数据录入!$B$5:$B$44,A35,数据录入!$E$5:$E$44) | D35: =SUMIF(数据录入!$B$5:$B$44,A35,数据录入!$G$5:$G$44) | E35: =IFERROR(B35/D35,"") | H35: 杏果蔬系列 | I35: =SUMIF(数据录入!$C$5:$C$44,H35,数据录入!$D$5:$D$44) | J35: =SUMIF(数据录入!$C$5:$C$44,H35,数据录入!$E$5:$E$44) | K35: =SUMIF(数据录入!$C$5:$C$44,H35,数据录入!$G$5:$G$44) | L35: =IFERROR(I35/K35,"")
H36: 抹茶系列 | I36: =SUMIF(数据录入!$C$5:$C$44,H36,数据录入!$D$5:$D$44) | J36: =SUMIF(数据录入!$C$5:$C$44,H36,数据录入!$E$5:$E$44) | K36: =SUMIF(数据录入!$C$5:$C$44,H36,数据录入!$G$5:$G$44) | L36: =IFERROR(I36/K36,"")
H37: 龙井系列 | I37: =SUMIF(数据录入!$C$5:$C$44,H37,数据录入!$D$5:$D$44) | J37: =SUMIF(数据录入!$C$5:$C$44,H37,数据录入!$E$5:$E$44) | K37: =SUMIF(数据录入!$C$5:$C$44,H37,数据录入!$G$5:$G$44) | L37: =IFERROR(I37/K37,"")
H38: 世界杯团餐 | I38: =SUMIF(数据录入!$C$5:$C$44,H38,数据录入!$D$5:$D$44) | J38: =SUMIF(数据录入!$C$5:$C$44,H38,数据录入!$E$5:$E$44) | K38: =SUMIF(数据录入!$C$5:$C$44,H38,数据录入!$G$5:$G$44) | L38: =IFERROR(I38/K38,"")

Sheet 填写说明
A1: 填写说明｜新品上市各国销售数据模板
A3: 1. 数据录入 | B3: 在“数据录入”页的蓝色区域填写数据。每行代表一个“市场 × 产品系列”的组合。
A4: 2. 最小必填字段 | B4: 国家/市场、产品系列、新品销售额、新品销量。月度与目标销售额属于增强分析字段。
A5: 3. 统计口径 | B5: 新品销售额请统一币种；新品销量请统一单位（如杯、份、件）。若不同市场无法统一，建议增加“币种”和“汇率”字段后换算。
A6: 4. 图表使用 | B6: “图表看板”中的两个图表读取辅助汇总表，将随数据自动更新。可右键复制至 PowerPoint 或另存为图片。
A7: 5. 建议补充字段 | B7: 新品销售占比、目标销售额、销售额达成率、上新后 7/30 天销售额、渠道、门店数、投放费用、ROI。
A8: 6. 数据范围 | B8: 模板预置 8 个 H1 上新产品系列 × 5 个重点市场，共 40 行。如需扩展市场或产品，请复制相应行并同步更新图表看板中的公式范围。
